{
    "counter": {
        "ACTIVE": 16831,
        "INACTIVE": 4168,
        "INVALID": 1,
        "MALICIOUS": 0,
        "SANE": 0,
        "VALID": 0,
        "total": 21000
    },
    "percentage": {
        "ACTIVE": 80.14761904761905,
        "INACTIVE": 19.848564217343682,
        "INVALID": 0.0048072300740313436,
        "MALICIOUS": 0,
        "SANE": 0,
        "VALID": 0,
        "total": 100.00099049503676
    }
}