{
    "counter": {
        "ACTIVE": 17569,
        "INACTIVE": 3430,
        "INVALID": 1,
        "MALICIOUS": 0,
        "SANE": 0,
        "VALID": 0,
        "total": 21000
    },
    "percentage": {
        "ACTIVE": 83.66190476190476,
        "INACTIVE": 16.334111148149912,
        "INVALID": 0.0048072300740313436,
        "MALICIOUS": 0,
        "SANE": 0,
        "VALID": 0,
        "total": 100.00082314012872
    }
}