{
    "counter": {
        "ACTIVE": 14798,
        "INACTIVE": 6201,
        "INVALID": 1,
        "MALICIOUS": 0,
        "SANE": 0,
        "VALID": 0,
        "total": 21000
    },
    "percentage": {
        "ACTIVE": 70.46666666666667,
        "INACTIVE": 29.52857142857143,
        "INVALID": 0.004761904761904762,
        "MALICIOUS": 0.0,
        "SANE": 0.0,
        "VALID": 0.0,
        "total": 100.0
    }
}