{
    "counter": {
        "ACTIVE": 19853,
        "INACTIVE": 1147,
        "INVALID": 0,
        "MALICIOUS": 0,
        "SANE": 0,
        "VALID": 0,
        "total": 21000
    },
    "percentage": {
        "ACTIVE": 94.53809523809524,
        "INACTIVE": 5.478601452044326,
        "INVALID": 0,
        "MALICIOUS": 0,
        "SANE": 0,
        "VALID": 0,
        "total": 100.01669669013957
    }
}