{
    "counter": {
        "ACTIVE": 15694,
        "INACTIVE": 5305,
        "INVALID": 1,
        "MALICIOUS": 0,
        "SANE": 0,
        "VALID": 0,
        "total": 21000
    },
    "percentage": {
        "ACTIVE": 74.73333333333333,
        "INACTIVE": 25.261904761904763,
        "INVALID": 0.004761904761904762,
        "MALICIOUS": 0.0,
        "SANE": 0.0,
        "VALID": 0.0,
        "total": 100.0
    }
}