{
    "counter": {
        "ACTIVE": 16910,
        "INACTIVE": 4089,
        "INVALID": 1,
        "MALICIOUS": 0,
        "SANE": 0,
        "VALID": 0,
        "total": 21000
    },
    "percentage": {
        "ACTIVE": 80.52380952380952,
        "INACTIVE": 19.472355826467926,
        "INVALID": 0.0048072300740313436,
        "MALICIOUS": 0,
        "SANE": 0,
        "VALID": 0,
        "total": 100.00097258035147
    }
}