{
    "counter": {
        "ACTIVE": 17944,
        "INACTIVE": 3055,
        "INVALID": 1,
        "MALICIOUS": 0,
        "SANE": 0,
        "VALID": 0,
        "total": 21000
    },
    "percentage": {
        "ACTIVE": 85.4679685639438,
        "INACTIVE": 14.547619047619047,
        "INVALID": 0.005384739647838027,
        "MALICIOUS": 0,
        "SANE": 0,
        "VALID": 0,
        "total": 100.02097235121069
    }
}