{
    "counter": {
        "ACTIVE": 17361,
        "INACTIVE": 3638,
        "INVALID": 1,
        "MALICIOUS": 0,
        "SANE": 0,
        "VALID": 0,
        "total": 21000
    },
    "percentage": {
        "ACTIVE": 82.67536549359494,
        "INACTIVE": 17.323809523809523,
        "INVALID": 0.02128112364332837,
        "MALICIOUS": 0,
        "SANE": 0,
        "VALID": 0,
        "total": 100.0204561410478
    }
}