{
    "counter": {
        "ACTIVE": 17154,
        "INACTIVE": 3845,
        "INVALID": 1,
        "MALICIOUS": 0,
        "SANE": 0,
        "VALID": 0,
        "total": 21000
    },
    "percentage": {
        "ACTIVE": 81.68571428571428,
        "INACTIVE": 18.31039573313015,
        "INVALID": 0.0048072300740313436,
        "MALICIOUS": 0,
        "SANE": 0,
        "VALID": 0,
        "total": 100.00091724891847
    }
}